{
  "project_info": {
    "project_number": "220456666986",
    "firebase_url": "https://wemeet-38ef1.firebaseio.com",
    "project_id": "wemeet-38ef1",
    "storage_bucket": "wemeet-38ef1.appspot.com"
  },
  "client": [
    {
      "client_info": {
        "mobilesdk_app_id": "1:220456666986:android:6e4b4a0c42119b5a558713",
        "android_client_info": {
          "package_name": "com.example.myapplication"
        }
      },
      "oauth_client": [
        {
          "client_id": "220456666986-so4m92cske29lqdfevu6068nfq1tv4ct.apps.googleusercontent.com",
          "client_type": 1,
          "android_info": {
            "package_name": "com.example.myapplication",
            "certificate_hash": "fbf5fe24c358e027e7f1232072dcd8ca417ef515"
          }
        },
        {
          "client_id": "220456666986-og4kgvcbl4n1b8k59bf8ng1p1d9193fc.apps.googleusercontent.com",
          "client_type": 3
        }
      ],
      "api_key": [
        {
          "current_key": "AIzaSyC-GdrwULsl_u6zQkvigMXMfTlQl8HcM-A"
        }
      ],
      "services": {
        "appinvite_service": {
          "other_platform_oauth_client": [
            {
              "client_id": "220456666986-og4kgvcbl4n1b8k59bf8ng1p1d9193fc.apps.googleusercontent.com",
              "client_type": 3
            }
          ]
        }
      }
    }
  ],
  "configuration_version": "1"
}